{
	"credit": "Created by Stridey",
	"parent": "block/thin_block",
	"textures": {
		"particle": "block/vt_pale_oak_trapdoor",
		"front": "block/vt_pale_oak_trapdoor",
		"sides": "block/pale_oak_trapdoor"
	},
	"elements": [
		{
			"from": [0, 0, 13],
			"to": [16, 16, 16],
			"rotation": {"angle": 0, "axis": "x", "origin": [8, 8, 14.5]},
			"faces": {
				"north": {"uv": [0, 0, 16, 16], "rotation": 180, "texture": "#front", "cullface": "down"},
				"east": {"uv": [0, 0, 16, 3], "rotation": 270, "texture": "#sides", "cullface": "east"},
				"south": {"uv": [0, 16, 16, 0], "texture": "#front"},
				"west": {"uv": [0, 3, 16, 0], "rotation": 270, "texture": "#sides", "cullface": "west"},
				"up": {"uv": [0, 0, 16, 3], "rotation": 180, "texture": "#sides", "cullface": "north"},
				"down": {"uv": [0, 0, 16, 3], "texture": "#sides", "cullface": "south"}
			}
		}
	]
}